ts,open,high,low,close,volume_usd
1790265600,0.619061043818519,0.62974458717052,0.618293205127865,0.628751376380391,52.853617036
1790269200,0.628751376380391,0.630322910616169,0.620959863152111,0.621965200828656,19.422987896
1790272800,0.621965200828656,0.629866279422657,0.619396515251223,0.621526480882353,16.781964645
1790276400,0.621526480882353,0.627859101970334,0.613489378180401,0.615106775241918,54.074436967
1790280000,0.615106775241918,0.615106775241918,0.613709898725746,0.613709898725746,7.177859162
1790283600,0.613709898725746,0.623873434874924,0.61081329124567,0.614099268959301,58.101702207
1790287200,0.614099268959301,0.631890547076944,0.614039422000447,0.623154336518787,155.266256266
1790290800,0.623154336518787,0.62969011540513,0.618942857930433,0.62969011540513,28.99077713
1790294400,0.62969011540513,0.633728556259002,0.620955438934678,0.633728556259002,22.544838712
1790298000,0.633728556259002,0.634612427519803,0.618949928820508,0.618949928820508,182.952426732
1790301600,0.618949928820508,0.618949928820508,0.61819475792021,0.61819475792021,3.98342367
1790305200,0.61819475792021,0.61819475792021,0.615281726022203,0.615281726022203,7.699391292
1790308800,0.615281726022203,0.615281726022203,0.613841248506618,0.613841248506618,4.744960017
1790312400,0.613841248506618,0.614010809323096,0.605925477444257,0.613959725064683,27.198640526
1790316000,0.613959725064683,0.617711897116593,0.613959725064683,0.617711897116593,11.487639963
1790319600,0.617711897116593,0.618343722748111,0.617711897116593,0.618343722748111,3.926614539
1790326800,0.618343722748111,0.619188830670282,0.618343722748111,0.619188830670282,1.432650984
1790330400,0.619188830670282,0.624669811364371,0.607680660604033,0.607680660604033,75.392030376
1790334000,0.607680660604033,0.617586910749013,0.604025642604143,0.617586910749013,29.557086679
1790337600,0.617586910749013,0.625184643435961,0.61561751583589,0.61561751583589,39.765044285
1790341200,0.61561751583589,0.626978089099009,0.613568131731724,0.61905398370251,30.342153101
