round_id,ts,winning_square,is_split,num_winners,motherlode,total_deployed,total_vaulted,total_winnings,total_minted,deployed_winning_square
417020,1790287238,19,1,117,0,5842434176,555099615,5228910231,120000000000,235367250
417021,1790287303,9,0,118,0,5565307824,529038749,4980616010,120000000000,221481996
417022,1790287368,0,1,118,0,5864444329,557259765,5248540134,120000000000,235557708
417023,1790287431,11,1,118,0,5541664568,526687367,4959560569,120000000000,221590063
417024,1790287497,5,1,118,0,5970052268,567346509,5343005248,120000000000,239279325
417025,1790287561,6,0,122,0,5627609459,534927736,5036405640,120000000000,224298896
417026,1790287625,0,0,121,0,5853228845,556417221,5238279346,120000000000,232852756
417027,1790287688,17,0,121,0,5685584694,540482590,5088246270,120000000000,226164494
417028,1790287753,11,0,117,0,5931626612,563585866,5308724493,120000000000,238839994
417029,1790287818,4,1,120,0,5767024711,547868968,5161485510,120000000000,232994639
417030,1790287882,5,1,119,0,5899856513,560592050,5280265911,120000000000,237310453
417031,1790287947,5,1,120,0,5906384497,561292794,5286027870,120000000000,236760195
417032,1790288011,2,1,125,0,5679587207,539778374,5083012975,120000000000,227280291
417033,1790288076,0,1,127,0,5750920248,546515961,5146895098,120000000000,230556904
417034,1790288140,8,0,123,0,5946941648,565289683,5322182562,120000000000,236944777
417035,1790288205,22,1,126,0,5669387189,538820958,5073872372,120000000000,226751153
417036,1790288269,11,0,122,0,5967120595,567206359,5340243042,120000000000,237763344
417037,1790288334,19,1,124,0,5933600678,563860308,5310404376,120000000000,238041908
417038,1790288399,8,0,130,0,5704444751,542148613,5105251703,120000000000,228196034
417039,1790288463,16,1,126,0,5671183475,538927010,5075544642,120000000000,227476171
417040,1790288527,15,1,127,0,5979424415,568250415,5351379767,120000000000,239521149
417041,1790288590,15,0,128,0,5766765472,548024973,5161072859,120000000000,231159597
417042,1790288653,16,1,123,0,6033576356,573294398,5399946207,120000000000,242723738
417043,1790288719,12,1,123,0,6093039043,578940994,5453167671,120000000000,245150105
417044,1790288784,7,0,126,0,5703728755,542151843,5104539638,120000000000,227447428
417045,1790288849,9,1,123,0,5734062773,544944270,5131777888,120000000000,229575097
417046,1790288914,9,1,122,0,5961314769,566594711,5335106925,120000000000,238135765
417047,1790288979,24,1,124,0,5705873685,542278463,5106536500,120000000000,228313349
417048,1790289042,15,0,120,0,5927345826,563358603,5304713776,120000000000,236854793
417049,1790289107,1,1,121,0,5492028883,521858257,4915250349,120000000000,220733260
417050,1790289171,24,1,123,0,5933845599,563938721,5310568434,120000000000,237494802
417051,1790289235,11,0,123,0,5695017019,541279419,5096787442,120000000000,227548024
417052,1790289299,23,0,121,0,6156567148,585139710,5509861777,120000000000,246064908
417053,1790289361,21,0,119,0,5652565036,537224234,5058815164,120000000000,226057497
417054,1790289425,4,1,120,0,6019351717,572032493,5387125720,120000000000,241245628
417055,1790289488,14,0,121,0,5799074302,551116088,5189967483,120000000000,232245059
417056,1790289552,9,0,120,0,6010462515,571251463,5379106441,120000000000,240245625
417057,1790289627,23,0,116,0,5624050630,534499008,5033311128,120000000000,225070653
417058,1790289692,5,1,114,0,5993684111,569803312,5363943973,120000000000,238094976
417059,1790289757,24,1,120,0,5723643056,543968660,5122437976,120000000000,229010035
417060,1790289820,18,0,120,0,6303778615,600196924,5640543920,120000000000,241183326
417061,1790289885,19,0,120,0,5753444803,546852257,5149058110,120000000000,229684526
417062,1790289948,11,1,122,0,5967079547,567111422,5340297340,120000000000,238681222
417063,1790290012,24,1,123,0,5814649362,552646123,5203856759,120000000000,232365183
417064,1790290077,21,0,120,0,6015495633,571701617,5383639073,120000000000,240731732
417065,1790290142,4,0,124,0,5787158019,550057473,5179228978,120000000000,231021836
417066,1790290206,23,1,122,0,5951965810,565697816,5326748349,120000000000,237846348
417067,1790290269,16,1,121,0,5551096381,527559220,4968026207,120000000000,222215291
417068,1790290332,24,1,120,0,5911452792,561976198,5290362077,120000000000,234925448
417069,1790290396,9,1,121,0,5795629292,550814020,5186858988,120000000000,231851237
417070,1790290460,0,0,120,0,5993208604,569666023,5363610510,120000000000,239006256
417071,1790290526,19,1,121,0,5712239215,543048717,5112068116,120000000000,226898550
417072,1790290589,20,1,120,0,5997456141,569898532,5367583061,120000000000,240905228
417073,1790290653,1,1,121,0,5717726690,543386530,5117162906,120000000000,228973761
417074,1790290717,22,1,121,0,6005918549,570752394,5375106982,120000000000,240742748
417075,1790290782,16,0,120,0,5704271144,542382242,5104846203,120000000000,225662532
417076,1790290847,23,1,120,0,5966516039,567106547,5339744344,120000000000,238166978
417077,1790290911,8,1,120,0,5755031254,546905878,5150575076,120000000000,230729369
417078,1790290976,11,0,119,0,6193195068,588453646,5542809484,120000000000,249218776
417079,1790291040,3,0,118,0,5771122895,548095391,5165316285,120000000000,234805705
417080,1790291104,11,1,120,0,6112427372,581405811,5469897301,120000000000,239641321
417081,1790291168,10,0,122,0,5697276343,541248438,5099055152,120000000000,230120308
417082,1790291234,11,1,118,0,5963682210,566745262,5337300139,120000000000,238982509
417083,1790291299,12,0,123,0,5900556679,560878264,5280672862,120000000000,235119558
417084,1790291363,4,1,125,0,5813542293,552499212,5202907671,120000000000,232742063
417085,1790291427,2,1,124,0,6131498332,582838481,5487344882,120000000000,244240839
417086,1790291491,5,1,124,0,5774129788,548810765,5167577738,120000000000,230586600
417087,1790291555,0,1,124,0,5781488033,549548688,5174124478,120000000000,230491099
417088,1790291619,16,1,121,0,6031659495,573306377,5398036535,120000000000,240685881
417089,1790291684,8,0,122,0,6018588623,571914457,5386488294,120000000000,241674818
417090,1790291747,3,0,124,0,5841385608,555422828,5227548938,120000000000,231053924
417091,1790291812,10,1,120,0,6057036511,575602880,5420863276,120000000000,242865915
417092,1790291877,12,1,122,0,5776219983,548948358,5169509440,120000000000,231286949
417093,1790291942,11,0,123,0,5805863955,551571076,5196234254,120000000000,234438846
417094,1790292007,5,0,121,0,6058867910,576087444,5422191800,120000000000,239802717
417095,1790292071,7,1,120,0,6054356258,575307288,5418505419,120000000000,243171448
417096,1790292136,3,1,125,0,5758520334,547345664,5153589479,120000000000,229776179
417097,1790292201,18,1,121,0,6004876202,570722679,5374104773,120000000000,240000549
417098,1790292266,18,1,122,0,5775878657,549020794,5169099087,120000000000,230213993
417099,1790292331,24,1,126,0,5791397028,550508786,5182974283,120000000000,230702126
417100,1790292396,2,0,121,0,6035288709,573945032,5400990801,120000000000,237864050
417101,1790292460,9,0,120,0,6021898297,572230102,5389449222,120000000000,241796172
417102,1790292525,10,0,125,0,5680542127,539808673,5083928045,120000000000,227929156
417103,1790292590,8,1,121,0,6052177155,575102132,5416553263,120000000000,243064586
417104,1790292655,17,1,122,0,5838880711,555066826,5225425089,120000000000,232145003
417105,1790292720,2,1,121,0,5743045116,545950040,5139664638,120000000000,228398141
417106,1790292784,20,0,120,0,6001206512,570217349,5370977108,120000000000,241435198
417107,1790292848,13,0,119,0,6030465286,572830609,5397330039,120000000000,244297443
417108,1790292914,13,0,121,0,5753175180,546658782,5148984658,120000000000,231369219
417109,1790292978,12,1,119,0,5821931921,553301032,5210411581,120000000000,233032497
417110,1790293042,0,1,117,0,6100555351,580059744,5459490068,120000000000,241365923
417111,1790293105,1,1,120,0,5829734037,554320144,5217116565,120000000000,230540560
417112,1790293170,6,1,116,0,6089597248,578600067,5450101220,120000000000,245152052
417113,1790293235,5,1,115,0,6037409730,573839190,5403196454,120000000000,241054167
417114,1790293299,23,1,117,0,5786793980,550295210,5178630841,120000000000,228256405
417115,1790293363,7,1,116,0,5719717056,543625738,5118894162,120000000000,228547875
417116,1790293427,21,0,114,0,6030027976,572855453,5396872254,120000000000,243609203
417117,1790293490,11,0,114,0,5643758577,535510088,5051810916,120000000000,234565667
417118,1790293554,1,1,116,0,6114146716,581620127,5471385135,120000000000,239195823
417119,1790293617,23,0,114,0,6023139772,572304859,5390603529,120000000000,242282524
417120,1790293683,1,1,119,0,5792985126,550892695,5184162591,120000000000,228412348
417121,1790293747,16,0,124,0,5855497548,556001024,5240941561,120000000000,239325479
417122,1790293810,21,1,124,0,6120644749,582125120,5477313195,120000000000,240592932
417123,1790293875,0,1,125,0,6000298877,570306956,5369988945,120000000000,239622438
417124,1790293940,12,1,122,0,5838404770,554889686,5225131048,120000000000,233458350
417125,1790294005,10,1,121,0,6062380919,576208126,5425548997,120000000000,242096715
417126,1790294068,18,1,125,0,5849527775,556139592,5234892916,120000000000,231956026
417127,1790294133,4,0,122,0,5718026096,543229099,5117616751,120000000000,230863395
417128,1790294198,18,0,124,0,6216403194,590402287,5563836888,120000000000,252743636
417129,1790294261,5,1,124,0,6157232857,585353272,5510307268,120000000000,244573441
417130,1790294325,22,0,123,0,5852357257,555819208,5238014489,120000000000,238021730
417131,1790294390,1,1,120,0,6160764412,585700121,5513456660,120000000000,244601486
417132,1790294454,14,0,128,0,6189934363,587832720,5540202311,120000000000,252230033
417133,1790294520,19,1,124,0,6068289522,577364125,5430242515,120000000000,236328553
417134,1790294585,15,1,126,0,6021320630,572219626,5388887810,120000000000,241324324
417135,1790294650,11,1,126,0,6064653945,576477841,5427529576,120000000000,241645348
417136,1790294713,4,0,126,0,6079800434,577673229,5441329210,120000000000,244717237
417137,1790294779,14,1,124,0,6015570366,571852599,5383562076,120000000000,239281392
417138,1790294845,0,1,126,0,5987439059,569372219,5358192463,120000000000,236204413
417139,1790294910,7,1,126,0,6026465481,572764823,5393436015,120000000000,240962147
417140,1790294973,7,0,123,0,6004904735,570620775,5374234924,120000000000,241058399
417141,1790295037,4,1,126,0,6009996186,571195990,5378700250,120000000000,240339627
417142,1790295102,3,0,123,0,6012930646,571388278,5381413074,120000000000,241331776
417143,1790295166,6,1,125,0,5970892124,567468997,5343714217,120000000000,238881968
417144,1790295233,5,1,126,0,5874116421,558455586,5256919683,120000000000,233150817
417145,1790295296,17,1,123,0,5739425325,545681783,5136349302,120000000000,227488032
417146,1790295361,16,1,123,0,5810062796,552352551,5199609628,120000000000,230743984
417147,1790295426,17,1,124,0,6207834001,590256165,5555499511,120000000000,245650437
417148,1790295491,20,0,125,0,6228624094,591661993,5574675872,120000000000,252240241
417149,1790295556,17,1,125,0,6214314225,590672873,5561498226,120000000000,247921468
417150,1790295621,4,1,125,8240000000000,5904774439,561270052,5284456655,120000000000,235379890
417151,1790295685,14,0,127,0,5171049009,491295730,4628042804,120000000000,208465796
417152,1790295749,4,1,126,0,5288947794,502657280,4733401052,120000000000,211601442
417153,1790295813,20,0,125,0,5643337691,534976545,5051927781,120000000000,239534100
417154,1790295879,1,1,125,0,5399894191,513550223,4832345039,120000000000,212518115
417155,1790295944,11,0,127,0,5441293373,516967800,4869912651,120000000000,219396281
417156,1790296009,16,1,127,0,5541141431,527204968,4958525061,120000000000,215838627
417157,1790296073,1,0,119,0,5358715284,508659508,4796468637,120000000000,220740352
417158,1790296138,22,0,117,0,5376394796,511005656,4811625207,120000000000,214721412
417159,1790296203,20,0,117,0,5459667327,518667679,4886402986,120000000000,220599743
417160,1790296265,14,1,118,0,5342023781,507943962,4780659594,120000000000,211276595
417161,1790296328,22,1,119,0,5414095520,514536681,4845417896,120000000000,216755217
417162,1790296394,5,0,117,0,5384203622,511589586,4818772012,120000000000,216631954
417163,1790296458,15,0,119,0,5378948305,511140228,4814018605,120000000000,215915576
417164,1790296523,14,1,116,0,5370755008,510590449,4806457023,120000000000,213275605
417165,1790296589,15,0,118,0,5373114257,510790927,4808592197,120000000000,213609832
417166,1790296653,19,0,116,0,5393753609,512453443,4827362641,120000000000,217456128
417167,1790296717,1,0,118,0,5334543389,506780244,4774417721,120000000000,215550917
417168,1790296781,24,1,117,0,5334135115,507089644,4773704132,120000000000,212017402
417169,1790296845,4,1,117,0,5419635773,515442991,4849996435,120000000000,213140822
417170,1790296909,7,0,116,0,5369428222,510059868,4805674085,120000000000,217308239
417171,1790296973,21,0,117,0,5383424318,511613596,4817976491,120000000000,215610134
417172,1790297038,22,0,116,0,5364230270,509791283,4800796697,120000000000,214823282
417173,1790297103,20,0,116,0,5404763730,513769915,4836946191,120000000000,215168552
417174,1790297169,17,1,117,0,5411108568,514274772,4842722721,120000000000,216413832
417175,1790297235,7,0,117,0,5427808136,515898472,4857631597,120000000000,216712369
417176,1790297301,17,1,116,0,5425377529,515634900,4855488868,120000000000,216944120
417177,1790297366,9,0,115,0,5377657761,511099514,4812781681,120000000000,215036299
417178,1790297431,3,0,114,0,5406773883,513837353,4838868804,120000000000,216497487
417179,1790297495,10,0,115,0,5389929606,512000656,4824029666,120000000000,218205690
417180,1790297560,23,0,114,0,5348845715,508229009,4787128263,120000000000,215219262
417181,1790297624,2,1,113,0,5366617410,510121237,4802830013,120000000000,213877566
417182,1790297688,22,0,112,0,5371565665,510381986,4807468034,120000000000,216191967
417183,1790297752,7,0,114,0,5297216832,503342995,4740901680,120000000000,212944070
417184,1790297816,15,1,113,0,5379632259,511356572,4814479378,120000000000,214414269
417185,1790297879,16,1,115,0,5395757054,512862648,4828936849,120000000000,215326172
417186,1790297944,22,0,113,0,5389533794,512051584,4823586881,120000000000,217295476
417187,1790298009,15,0,112,0,5383713837,511481592,4818395118,120000000000,217232996
417188,1790298073,3,0,114,0,5482384827,520901664,4906659329,120000000000,220751769
417189,1790298136,16,1,117,0,5452635642,518357868,4879751430,120000000000,216697482
417190,1790298199,10,1,118,0,5492677214,522081677,4915668776,120000000000,219124809
417191,1790298266,22,0,117,0,5530097907,525338705,4949458237,120000000000,223646255
417192,1790298330,10,1,119,0,5482286292,521058180,4906405259,120000000000,219072246
417193,1790298395,17,0,120,0,5477003271,520450420,4901782832,120000000000,219928224
417194,1790298462,18,1,119,0,5464411983,519476841,4890291037,120000000000,217171081
417195,1790298526,5,0,121,0,5356179978,509018388,4793599804,120000000000,214580016
417196,1790298591,2,1,119,0,5564211878,529104433,4979465338,120000000000,219722544
417197,1790298656,4,1,119,0,5499736172,523014678,4921724145,120000000000,216759522
417198,1790298720,1,1,116,0,5026061116,479085421,4496715097,120000000000,186814348
417199,1790298785,8,1,118,0,5548687424,527584573,4965615988,120000000000,219550233
417200,1790298850,6,1,118,0,5530601946,525894872,4949401067,120000000000,218532451
417201,1790298915,13,1,118,0,5605353906,532701988,5016598393,120000000000,224525638
417202,1790298982,11,0,118,0,5441990383,516912642,4870657851,120000000000,220650445
417203,1790299047,1,0,117,0,5448625521,517665412,4876473864,120000000000,219681868
417204,1790299110,11,1,118,0,5457718155,518821774,4884319212,120000000000,217094075
417205,1790299175,0,1,119,0,5472192932,520343089,4897127927,120000000000,216202040
417206,1790299240,21,1,117,0,5529396676,525912629,4948190094,120000000000,217147788
417207,1790299307,3,1,117,0,5515110040,524260226,4935698728,120000000000,219552098
417208,1790299371,6,0,117,0,5479961337,520307151,4904854585,120000000000,224333454
417209,1790299435,11,0,117,0,5454795547,518030271,4882217334,120000000000,222166456
417210,1790299499,4,1,117,0,5434725217,516939724,4863438250,120000000000,213111741
417211,1790299563,8,1,118,0,5370592749,510594886,4806291949,120000000000,213068574
417212,1790299627,18,1,118,0,5454900407,518866471,4881484945,120000000000,213824828
417213,1790299690,12,1,118,0,5431391245,516295547,4860781796,120000000000,216284624
417214,1790299753,18,1,119,0,5477806422,521088539,4901939832,120000000000,214285734
417215,1790299818,8,1,117,0,5399244378,513350370,4831901578,120000000000,213887020
417216,1790299882,14,0,119,0,5463076417,518733211,4889712450,120000000000,223346905
417217,1790299946,22,0,118,0,5442630084,516994291,4871209506,120000000000,220465445
417218,1790300011,21,1,118,0,5443586286,517654609,4871495827,120000000000,214751743
417219,1790300075,11,0,117,0,5478212853,520213202,4903217535,120000000000,223533920
417220,1790300142,20,1,118,0,5372335566,510900180,4807712044,120000000000,211727590
417221,1790300206,18,1,119,0,5480291605,521277602,4904211099,120000000000,214861200
417222,1790300272,19,0,117,0,5461071178,518614010,4887846468,120000000000,222545722
417223,1790300336,7,0,120,0,5388048322,511703069,4822464781,120000000000,219330358
417224,1790300402,7,0,119,0,5442589231,516629233,4871534116,120000000000,224112034
417225,1790300467,15,1,119,0,5424521929,516011546,4854265175,120000000000,212284006
417226,1790300533,10,0,121,0,5392641914,511854795,4826860711,120000000000,222391349
417227,1790300597,19,1,121,0,5391477955,512884889,4824678300,120000000000,210822426
417228,1790300662,18,0,122,0,5470180624,519315064,4896163764,120000000000,224573822
417229,1790300725,13,1,124,0,5442776313,517483728,4870864834,120000000000,215667858
417230,1790300789,8,1,124,0,5433930316,516678549,4862912476,120000000000,214955013
417231,1790300854,17,0,122,0,5448847314,517430436,4876928420,120000000000,222277161
417232,1790300917,14,0,121,0,5369834128,509752638,4806383161,120000000000,220817482
417233,1790300980,23,0,123,0,5445193183,516956120,4873785146,120000000000,223414082
417234,1790301044,24,0,121,0,5365215270,509235885,4802327244,120000000000,221418352
417235,1790301108,24,1,122,0,5460012691,519217294,4886195283,120000000000,215393466
417236,1790301173,13,0,119,0,5420440779,514668945,4851567440,120000000000,221764484
417237,1790301239,13,0,116,0,5406041635,513239040,4838742192,120000000000,221808797
417238,1790301304,5,1,117,0,5424830195,515877379,4854704526,120000000000,213947515
417239,1790301368,16,1,118,0,5442124675,517627547,4870075895,120000000000,213563492
417240,1790301432,24,0,116,0,5396142252,512096366,4830084476,120000000000,223451579
417241,1790301497,24,0,118,0,5482848528,520759547,4907260509,120000000000,222650983
417242,1790301562,10,1,116,0,5444761412,517815344,4872498465,120000000000,214303294
417243,1790301631,17,1,117,0,5451744732,518560814,4878666483,120000000000,213756613
417244,1790301698,1,1,117,0,4834977289,460171218,4326456310,120000000000,186783075
417245,1790301763,7,0,117,0,5474710244,519983194,4899979960,120000000000,222354660
417246,1790301829,15,1,116,0,5492551826,522298492,4915327829,120000000000,216809399
417247,1790301893,15,1,118,0,5476743188,521019409,4900956360,120000000000,213920776
417248,1790301959,21,0,118,0,5307169396,504500232,4749597483,120000000000,211207367
417249,1790302026,4,0,117,0,5430326920,516003685,4860019978,120000000000,218168409
417250,1790302088,8,1,118,0,5389829895,512206118,4823725491,120000000000,216030630
417251,1790302154,22,1,118,0,5347326517,508235083,4785618180,120000000000,213638700
417252,1790302219,12,0,119,0,5405019808,513501653,4837467969,120000000000,218134318
417253,1790302282,17,1,117,0,5419332418,515048037,4850091067,120000000000,216826914
417254,1790302347,15,0,117,0,5425020646,515594588,4855175865,120000000000,216994392
417255,1790302412,15,1,117,0,5394767766,512844378,4827975722,120000000000,214521428
417256,1790302475,17,1,115,0,5374845373,510982787,4810114144,120000000000,213402978
417257,1790302540,18,0,116,0,5426982553,515566036,4857146701,120000000000,219244717
417258,1790302605,24,1,117,0,5448930627,517995558,4876445778,120000000000,216652151
417259,1790302669,9,0,120,0,5453656765,518310035,4880810175,120000000000,218201794
417260,1790302733,7,0,117,0,5432853253,516247464,4862277272,120000000000,218232298
417261,1790302797,9,0,117,0,5458963769,518819743,4885554399,120000000000,218360212
417262,1790302862,4,1,117,0,5495757847,522231415,4918568866,120000000000,220692933
417263,1790302926,13,1,116,0,5472086040,520124806,4897240383,120000000000,218300014
417264,1790302990,14,1,120,0,5486803698,521392658,4910543017,120000000000,220211092
417265,1790303053,17,0,119,0,5477955347,520546716,4902629090,120000000000,219907623
417266,1790303117,17,1,117,0,5464004363,519364556,4889999775,120000000000,217897634
417267,1790303183,0,0,120,0,5427306413,515771228,4857262134,120000000000,217495937
417268,1790303247,15,0,118,0,5446107883,517593702,4874053116,120000000000,217888566
417269,1790303311,5,0,119,0,5475789551,520500739,4900530926,120000000000,218206251
417270,1790303376,21,1,118,0,5448405979,517993450,4875928483,120000000000,216148802
417271,1790303441,17,0,117,0,5469854894,519971660,4895184695,120000000000,217615812
417272,1790303505,19,1,119,0,5477283528,520545912,4901964794,120000000000,219243936
417273,1790303570,24,1,118,0,5471695860,519982666,4896996246,120000000000,219345613
417274,1790303635,3,1,118,0,5430606160,516225995,4860074117,120000000000,216202075
417275,1790303701,5,0,118,0,4999828039,473981384,4475848386,120000000000,212137185
417276,1790303765,18,1,120,0,5040469099,479053179,4511011239,120000000000,201547981
417277,1790303830,20,1,119,0,5100174627,484819732,4564353162,120000000000,203005507
417278,1790303895,14,1,118,0,5223231013,496561223,4674437492,120000000000,207460996
417279,1790303959,15,0,117,0,5186682405,493129205,4641686387,120000000000,205579209
417280,1790304024,15,1,116,0,5230076605,497239359,4680536492,120000000000,207456719
417281,1790304088,17,0,118,0,5668913468,538610430,5073613916,120000000000,228403976
417282,1790304152,14,0,120,0,5655711223,537338450,5061815672,120000000000,228050019
417283,1790304217,0,1,119,0,5673545062,539247696,5077561928,120000000000,226598546
417284,1790304282,0,0,120,0,5646092949,536404906,5053227122,120000000000,227861440
417285,1790304347,14,0,120,0,5606170829,532718850,5017390281,120000000000,225172229
417286,1790304412,4,1,121,0,5615743720,533719653,5025866641,120000000000,224635986
417287,1790304476,22,1,120,0,5639125921,536005891,5046728784,120000000000,224924912
417288,1790304541,7,1,121,0,5668767592,538728021,5073351906,120000000000,227070332
417289,1790304605,3,1,122,0,5646777422,536652808,5053656852,120000000000,226041911
417290,1790304669,0,1,121,0,5621922814,534309725,5031393872,120000000000,224854788
417291,1790304733,18,0,120,0,5577519898,530163843,4991580867,120000000000,222329459
417292,1790304797,24,1,121,0,5570012045,529329275,4984982662,120000000000,223251592
417293,1790304861,16,1,118,0,5551781739,527587677,4968676256,120000000000,222613209
417294,1790304926,18,1,118,0,5586355381,531046471,4999445368,120000000000,222249539
417295,1790304990,0,0,118,0,5560840008,528534934,4976696688,120000000000,222103195
417296,1790305056,22,1,116,0,5545432879,526994462,4962984100,120000000000,222256394
417297,1790305120,19,0,117,0,5546615847,527074821,4964074879,120000000000,222627659
417298,1790305187,23,0,116,0,5548496373,527397756,4965613666,120000000000,221246226
417299,1790305251,1,1,115,0,5535028350,526209570,4953468509,120000000000,219780069
417300,1790305316,10,1,116,0,5587913075,531058685,5000975272,120000000000,223683832
417301,1790305380,4,1,115,0,5563420963,528768446,4979018318,120000000000,222325444
417302,1790305445,15,1,116,0,5621148095,534283764,5030652862,120000000000,224342320
417303,1790305508,13,0,115,0,5584835940,530862920,4998124672,120000000000,222584124
417304,1790305571,2,1,114,0,5550902137,527558637,4967834489,120000000000,222026914
417305,1790305635,21,0,114,0,5539848734,526382977,4958067282,120000000000,222848878
417306,1790305701,14,0,114,0,5526190821,525062549,4945866377,120000000000,222528621
417307,1790305767,11,0,113,0,5529105326,525488530,4948325756,120000000000,221140278
417308,1790305833,20,1,114,0,5546089403,527111322,4963517199,120000000000,221732504
417309,1790305897,6,1,115,0,5556154974,527931914,4972661523,120000000000,223509278
417310,1790305962,16,1,117,0,5582916904,530597463,4996490283,120000000000,223346477
417311,1790306027,2,1,116,0,5575247877,529884269,4989611141,120000000000,222881437
417312,1790306091,22,0,116,0,5538794692,526272666,4957134089,120000000000,222909084
417313,1790306157,24,1,118,0,5573221063,529663127,4987825739,120000000000,223088374
417314,1790306222,13,0,119,0,5595772282,531827348,5007987226,120000000000,223778771
417315,1790306286,18,0,118,0,5561173839,528563963,4976998150,120000000000,222143800
417316,1790306351,12,1,117,0,5539208936,526533585,4957283275,120000000000,220687774
417317,1790306415,3,0,117,0,5560660427,528425043,4976628792,120000000000,223033635
417318,1790306480,7,1,117,0,5565859510,529083104,4981117824,120000000000,221585647
417319,1790306544,0,1,115,0,5558947391,528331116,4975026815,120000000000,222269348
417320,1790306609,20,0,116,0,5545994903,526915497,4963619469,120000000000,223616045
417321,1790306672,23,1,117,0,5571729519,529531046,4986481190,120000000000,222930959
417322,1790306736,3,1,117,0,5571573419,529589781,4986267917,120000000000,222181590
417323,1790306801,23,0,119,0,5547468266,527118739,4964874854,120000000000,223036450
417324,1790306865,9,0,118,0,5572935150,529479199,4987726612,120000000000,224660308
417325,1790306928,0,1,116,0,5553676824,527846157,4970293912,120000000000,221897354
417326,1790306992,5,0,115,0,5542750404,526595465,4960727451,120000000000,223604207
417327,1790307055,13,1,114,0,5493274992,522378170,4915964084,120000000000,216727722
417328,1790307119,15,1,116,0,5546394659,527171141,4963759587,120000000000,221433551
417329,1790307183,24,1,117,0,5552402855,527809212,4969069627,120000000000,220996588
417330,1790307247,18,0,113,0,5486818901,521175426,4910775298,120000000000,222420569
417331,1790307312,12,1,113,0,5482412429,521207396,4906380921,120000000000,217691152
417332,1790307375,19,0,114,0,5522312562,524777073,4942312378,120000000000,221533950
417333,1790307440,8,1,112,0,5529632578,525697724,4948638540,120000000000,219554461
417334,1790307504,17,1,110,0,5495502976,522482086,4918065873,120000000000,217906038
417335,1790307569,4,1,113,0,5618653888,534178331,5028289034,120000000000,222913066
417336,1790307633,22,0,113,0,5598500916,532188576,5010327343,120000000000,222858621
417337,1790307698,7,0,111,0,5504506028,523137108,4926323871,120000000000,220292719
417338,1790307761,2,0,114,0,5606605902,532850434,5017689422,120000000000,224278196
417339,1790307825,1,1,114,0,5622639009,534317946,5032094687,120000000000,225487948
417340,1790307892,18,1,116,0,5718491104,543448460,5117857746,120000000000,229112613
417341,1790307955,15,1,115,0,5596083136,531887948,5008234368,120000000000,223477491
417342,1790308019,8,0,111,0,5538341851,526307630,4956650816,120000000000,222103085
417343,1790308083,14,1,112,0,5493324924,522143822,4916247864,120000000000,219144807
417344,1790308148,14,0,113,0,5600276501,532244291,5012029459,120000000000,224071462
417345,1790308210,23,0,110,0,5559081209,528182804,4975307602,120000000000,223901269
417346,1790308275,24,0,113,0,5625168335,534592141,5034324524,120000000000,225247627
417347,1790308340,20,0,112,0,5574643740,529729792,4989167522,120000000000,223837653
417348,1790308404,22,0,110,0,5526029330,524997910,4945771139,120000000000,223020026
417349,1790308468,22,0,112,0,5590750973,531338913,5003504562,120000000000,223691152
417350,1790308533,17,1,110,0,5557795206,528191746,4974025521,120000000000,222524955
417351,1790308598,16,0,112,0,5579311082,530261325,4993256658,120000000000,223135970
417352,1790308661,9,0,113,0,5592617671,531533407,5005158099,120000000000,223593265
417353,1790308726,19,1,111,0,5606957300,533061303,5017826435,120000000000,222499581
417354,1790308789,14,1,111,0,5581116454,530403747,4994901553,120000000000,223502747
417355,1790308853,21,1,112,0,5568571829,529424920,4983461202,120000000000,220845269
417356,1790308917,18,0,111,0,5575478410,529897460,4989826178,120000000000,222978710
417357,1790308980,1,1,114,0,5600970770,532345580,5012615494,120000000000,223742598
417358,1790309044,17,1,113,0,5598817639,532281715,5010547758,120000000000,222234551
417359,1790309108,11,1,111,0,5635477406,535853821,5043268824,120000000000,222812440
417360,1790309172,16,1,111,0,5638960147,535993255,5046577305,120000000000,224886768
417361,1790309237,16,1,111,0,5637177349,535777276,5045028311,120000000000,225285556
417362,1790309301,16,1,110,0,5634947239,535583579,5043014201,120000000000,225012009
417363,1790309366,1,1,110,0,5634376518,535611051,5042421715,120000000000,224163779
417364,1790309431,23,0,111,0,5612094314,533101199,5022872183,120000000000,227233632
417365,1790309494,15,0,110,0,5634420715,535439904,5042636615,120000000000,225936735
417366,1790309558,9,0,111,0,5641264033,536100216,5048751188,120000000000,226110253
417367,1790309623,17,0,109,0,5645722488,536426079,5052839194,120000000000,227277149
417368,1790309687,20,1,110,0,5668524826,538743899,5073095691,120000000000,226667181
417369,1790309752,3,1,108,0,5656094298,537571810,5061961555,120000000000,226075909
417370,1790309819,10,0,110,0,5661284022,537956684,5066714510,120000000000,227378045
417371,1790309883,8,1,107,0,5686388689,540455775,5089069042,120000000000,227239348
417372,1790309947,21,1,108,0,5767874588,548197415,5161998441,120000000000,230526852
417373,1790310012,15,0,107,0,5671222560,539329782,5075180565,120000000000,223446896
417374,1790310076,9,1,108,0,5674056252,539244230,5078071473,120000000000,227144733
417375,1790310140,4,0,109,0,5693089529,541088224,5095070422,120000000000,227551806
417376,1790310204,5,0,109,0,5689053033,540750577,5091411938,120000000000,226925877
417377,1790310268,0,1,109,0,5700537566,541782739,5101749463,120000000000,227984534
417378,1790310332,19,1,109,0,5704305478,542013388,5105249048,120000000000,229422697
417379,1790310396,8,1,108,0,5699780220,541692600,5101089831,120000000000,228137671
417380,1790310460,5,1,108,0,5698255075,541556713,5099715825,120000000000,227985171
417381,1790310524,3,1,108,0,5693583875,541004955,5095643094,120000000000,228887258
417382,1790310589,2,1,109,0,5703241361,542017272,5104191689,120000000000,228319356
417383,1790310653,3,1,110,0,5700960322,541744971,5102205760,120000000000,228788809
417384,1790310717,15,1,112,0,5765398415,548096335,5159648106,120000000000,229071737
417385,1790310782,14,0,112,0,5683069674,540111754,5086127235,120000000000,227395288
417386,1790310846,15,0,112,0,5690425810,540832292,5092689271,120000000000,227473265
417387,1790310912,4,1,110,0,5669075354,538739822,5073644790,120000000000,227258864
417388,1790310977,19,1,111,0,5696669150,541406249,5098296221,120000000000,227919068
417389,1790311042,15,1,112,0,5813663600,552450072,5203076905,120000000000,233359746
417390,1790311105,12,0,111,0,5708488772,542547118,5108856780,120000000000,228214774
417391,1790311170,4,0,110,0,5703604738,542071292,5104497410,120000000000,228137062
417392,1790311234,7,0,110,0,5702562233,542009871,5103526753,120000000000,227714965
417393,1790311299,20,0,110,0,5693803810,541135503,5095730281,120000000000,227788531
417394,1790311362,4,0,111,0,5684838595,540313545,5087676677,120000000000,227125913
417395,1790311426,13,0,111,0,5678470470,539901154,5081784626,120000000000,224923389
417396,1790311489,24,1,109,0,5714735697,543165609,5114422743,120000000000,228214276
417397,1790311553,12,0,109,0,5680649638,539935492,5083907662,120000000000,226755711
417398,1790311617,22,1,109,0,5624577327,534531020,5033800545,120000000000,225274001
417399,1790311681,15,1,109,0,5654774093,537295980,5060930386,120000000000,227541875
417400,1790311745,12,1,109,0,5674858377,539347603,5078762202,120000000000,226902720
417401,1790311810,23,1,107,0,5658121683,537720324,5063820156,120000000000,226603175
417402,1790311873,12,0,109,0,5693882300,541184315,5095759173,120000000000,227373942
417403,1790311937,8,1,108,0,5700219115,541861490,5101355446,120000000000,226870622
417404,1790312001,7,0,108,0,5673938707,539257387,5077941946,120000000000,226894279
417405,1790312066,17,1,106,0,5710726854,542600177,5111019421,120000000000,229916900
417406,1790312130,3,0,106,0,5718861382,543517443,5118155341,120000000000,228786086
417407,1790312193,2,0,105,0,5699347380,541636853,5100717066,120000000000,228267977
417408,1790312258,14,1,106,0,5702599616,542055024,5103518607,120000000000,227296233
417409,1790312322,3,1,108,0,5707454093,542353327,5108026237,120000000000,229137536
417410,1790312386,4,0,108,0,5750018499,546398398,5146119930,120000000000,230842661
417411,1790312450,19,1,107,0,5733992311,545080276,5131572124,120000000000,228130873
417412,1790312513,5,1,108,0,5743281854,545826253,5140022795,120000000000,229885250
417413,1790312577,17,0,109,0,5737535904,545288900,5134871658,120000000000,229567129
417414,1790312641,16,0,108,0,5692450239,540964750,5094561003,120000000000,228159731
417415,1790312705,9,1,107,0,5628468033,535066045,5037117322,120000000000,223760443
417416,1790312770,17,1,106,0,5669362019,538785319,5073883091,120000000000,227085982
417417,1790312835,0,0,108,0,5642624109,536293426,5049904454,120000000000,225518711
417418,1790312899,8,1,108,0,5692795166,541183159,5094684067,120000000000,226298520
417419,1790312962,23,1,108,0,5637579354,535874187,5045329388,120000000000,224708694
