ts,price,production_cost
2026-09-28T18:04:04.764692,83.61557571143615,72.28278311751897
2026-09-28T19:03:12.750382,83.88636512536766,76.02275747912955
2026-09-28T20:01:10.064164,82.7480865705488,75.67553223306804
2026-09-28T21:04:11.073566,81.73574736475146,82.71235291079586
2026-09-28T22:01:28.907900,81.30872996255107,76.62507397564988
2026-09-28T23:04:35.082985,81.55352907613558,76.72064500665091
2026-09-29T00:04:09.927576,81.41553493885911,75.42136427743199
2026-09-29T01:01:27.881259,80.84092856342062,74.50134653130895
2026-09-29T02:04:24.577342,80.27133752359434,75.0318380649129
2026-09-29T03:02:42.771556,79.9649459677394,76.60521563595424
2026-09-29T04:03:48.776286,79.7308715942071,86.36005767702963
2026-09-29T05:01:11.959516,81.1561350541838,85.63991541722787
2026-09-29T06:01:18.075392,82.11324880829804,88.45241375978651
2026-09-29T07:01:00.606447,82.6683094122442,88.11870347321995
2026-09-29T08:01:20.547521,83.05551547922839,86.71153176077787
2026-09-29T09:01:18.154237,83.27031890086792,86.99852326006821
2026-09-29T10:01:37.043363,83.48269920471887,83.95408806132272
2026-09-29T11:01:29.534340,83.50455729997384,83.54078204880341
2026-09-29T12:04:05.184431,84.3147362387456,86.12969106667035
2026-09-29T13:01:11.308243,85.35757452130842,104.6246006269371
2026-09-29T14:05:18.928481,87.8339768935892,107.64277574101912
2026-09-29T15:01:42.540205,87.99606372201005,110.72317682910368
2026-09-29T16:01:04.983486,87.33406496237265,125.53325458453202
2026-09-29T17:01:16.712035,88.99296792351068,111.50846063977022
